mode,minutes,consumers,contracts,mean_ms,p95_ms,allocated_bytes_per_refresh
PreviousCompletedFixed,1,1,42,0.00260,0.00620,624
PreviousCompletedFixed,1,2,42,0.00441,0.01620,624
PreviousCompletedFixed,1,8,42,0.00386,0.01070,624
PreviousCompletedFixed,3,1,42,0.00277,0.00620,624
PreviousCompletedFixed,3,2,42,0.00284,0.00510,624
PreviousCompletedFixed,3,8,42,0.00350,0.00730,624
PreviousCompletedFixed,5,1,42,0.00305,0.00790,624
PreviousCompletedFixed,5,2,42,0.00324,0.00690,624
PreviousCompletedFixed,5,8,42,0.00368,0.00910,624
PreviousCompletedFixed,10,1,42,0.00295,0.00670,624
PreviousCompletedFixed,10,2,42,0.00263,0.00310,624
PreviousCompletedFixed,10,8,42,0.00355,0.00460,624
Rolling,1,1,42,0.03387,0.03550,23760
Rolling,1,2,42,0.03498,0.03640,23760
Rolling,1,8,42,0.03845,0.05540,23760
Rolling,3,1,42,0.03689,0.03770,23760
Rolling,3,2,42,0.03741,0.04150,23760
Rolling,3,8,42,0.04104,0.05400,23760
Rolling,5,1,42,0.03973,0.04270,23760
Rolling,5,2,42,0.07264,0.12040,23760
Rolling,5,8,42,0.05155,0.11600,23760
Rolling,10,1,42,0.06350,0.13680,23760
Rolling,10,2,42,0.04111,0.04570,23760
Rolling,10,8,42,0.05455,0.09740,23760
